Model,Term,N,OR,CI_low,CI_high,p
Unadjusted,RUCC linear trend (per 1-code increase),2956,1.3258,1.2396,1.4179,0.0000
Unadjusted,RUCC 2 vs 1,2956,4.1633,1.9287,8.9865,0.0003
Unadjusted,RUCC 3 vs 1,2956,4.4408,1.6386,12.0355,0.0034
Unadjusted,RUCC 4 vs 1,2956,5.7945,2.2697,14.7929,0.0002
Unadjusted,RUCC 5 vs 1,2956,11.4660,3.6847,35.6796,0.0000
Unadjusted,RUCC 6 vs 1,2956,15.1959,8.5216,27.0978,0.0000
Unadjusted,RUCC 7 vs 1,2956,15.8667,7.4264,33.8997,0.0000
Unadjusted,RUCC 8 vs 1,2956,18.6655,9.0206,38.6229,0.0000
Unadjusted,RUCC 9 vs 1,2956,22.1973,9.2204,53.4380,0.0000
Unadjusted,"Nonmetro: urban 5,000-19,999 vs >=20,000",1842,2.0811,1.2475,3.4718,0.0050
Unadjusted,"Nonmetro: urban <5,000 vs >=20,000",1842,2.6962,1.5626,4.6524,0.0004
Unadjusted,Nonmetro: nonadjacent vs adjacent to metro,1842,1.1882,0.7723,1.8280,0.4328
Adjusted (SES + region),RUCC linear trend (per 1-code increase),2946,1.2048,1.1327,1.2816,0.0000
Adjusted (SES + region),RUCC 2 vs 1,2946,2.1214,0.9844,4.5715,0.0549
Adjusted (SES + region),RUCC 3 vs 1,2946,2.0230,0.8095,5.0557,0.1316
Adjusted (SES + region),RUCC 4 vs 1,2946,2.3797,0.9483,5.9715,0.0648
Adjusted (SES + region),RUCC 5 vs 1,2946,4.7359,1.7363,12.9177,0.0024
Adjusted (SES + region),RUCC 6 vs 1,2946,4.3592,2.4524,7.7487,0.0000
Adjusted (SES + region),RUCC 7 vs 1,2946,5.4901,2.7993,10.7674,0.0000
Adjusted (SES + region),RUCC 8 vs 1,2946,4.4638,2.3556,8.4589,0.0000
Adjusted (SES + region),RUCC 9 vs 1,2946,7.1647,3.3391,15.3735,0.0000
Adjusted (SES + region),"Nonmetro: urban 5,000-19,999 vs >=20,000",1840,1.5954,0.9160,2.7787,0.0990
Adjusted (SES + region),"Nonmetro: urban <5,000 vs >=20,000",1840,1.8398,1.0938,3.0946,0.0216
Adjusted (SES + region),Nonmetro: nonadjacent vs adjacent to metro,1840,1.4717,1.0116,2.1410,0.0433
