Characteristic,All counties,Metropolitan,Nonmetropolitan
"Counties, n",3143,1186,1957
"PCTPOVALL_2023, mean (SD)",14.5 (5.6),12.6 (4.6),15.7 (5.7)
"PCT_BACHELORS_PLUS_2019_23, mean (SD)",24.1 (10.2),29.4 (11.5),20.9 (7.6)
"Unemployment_rate_2023, mean (SD)",3.6 (1.2),3.5 (1.1),3.7 (1.3)
"MEDHHINC_2023, mean (SD)",65554.9 (16541.8),74960.1 (18631.5),59859.9 (11968.3)
"CHOLSCREEN_AdjPrev, mean (SD)",82.9 (2.4),84.3 (2.2),82.1 (2.1)
"COLON_SCREEN_AdjPrev, mean (SD)",57.5 (4.4),59.5 (4.1),56.3 (4.1)
"MAMMOUSE_AdjPrev, mean (SD)",73.3 (4.3),75.0 (4.0),72.3 (4.2)
"DENTAL_AdjPrev, mean (SD)",57.3 (10.7),60.1 (9.3),55.6 (11.1)
"Counties with deficit score, n",2956,1114,1842
"Deficit score, mean (SD)",1.0 (1.2),0.5 (0.9),1.3 (1.3)
"Deficit_Any_1plus, n (%)",1533 (51.9%),329 (29.5%),1204 (65.4%)
"Deficit_2plus, n (%)",852 (28.8%),144 (12.9%),708 (38.4%)
"High_Deficit_Burden_3plus, n (%)",467 (15.8%),55 (4.9%),412 (22.4%)
"Deficit_All_4, n (%)",171 (5.8%),18 (1.6%),153 (8.3%)
